model,split,accuracy,brier,f1,precision,recall,h_measure,aucroc,aucpr
tabpfn,0,0.96842,0.02077,0.975,0.99153,0.95902,0.94567,0.99807,0.99895
tabpfn,1,0.95263,0.03317,0.96327,0.944,0.98333,0.91175,0.98905,0.99231
tabpfn,2,0.96296,0.02271,0.97021,0.95,0.9913,0.93607,0.99647,0.99768
