model,split,accuracy,brier,f1,precision,recall,h_measure,aucroc,aucpr
tabpfn,0,0.81327,0.13982,0.33973,0.99791,0.20471,0.24417,0.7524,0.57474
tabpfn,1,0.81697,0.13843,0.3167,0.99764,0.18822,0.23305,0.74672,0.55068
tabpfn,2,0.82048,0.13647,0.34627,1.0,0.20938,0.24605,0.75404,0.57035
