model,split,accuracy,brier,f1,precision,recall,h_measure,aucroc,aucpr
tabpfn,0,0.8362,0.12931,0.03683,0.41667,0.01927,0.10592,0.67338,0.27903
tabpfn,1,0.84215,0.12572,0.01946,0.41667,0.00996,0.10617,0.6653,0.27855
tabpfn,2,0.84023,0.12842,0.03409,0.5625,0.01758,0.10014,0.66641,0.2745
