model,split,accuracy,brier,f1,precision,recall,h_measure,aucroc,aucpr
tabpfn,0,0.9394,0.04876,0.30023,0.55794,0.20537,0.39548,0.84227,0.362
tabpfn,1,0.9348,0.05223,0.2574,0.62088,0.16236,0.43033,0.85547,0.40306
tabpfn,2,0.9414,0.04718,0.26196,0.62275,0.16587,0.43113,0.86105,0.39339
