{
    "fit": {
        "n_bins": 135
    },
    "model": {
        "colsample_bytree": 0.6990561290150923,
        "learning_rate": 0.32398335157662367,
        "max_depth": 10,
        "min_child_samples": 32,
        "min_child_weight": 4.589725063036688e-05,
        "num_leaves": 100,
        "reg_lambda": 0.011416639941546928,
        "subsample": 0.8989845702622811
    }
}