{
    "general": {},
    "model": {
        "d_layers": [
            106,
            322,
            322,
            322,
            481
        ],
        "dropout": 0.06589893120219609
    },
    "training": {
        "lr": 0.0014092291316435573,
        "n_bins": 151,
        "weight_decay": 0.0
    }
}