model,split,accuracy,brier,f1,precision,recall,h_measure,aucroc,aucpr
tabpfn,0,0.9398,0.04877,0.30805,0.5654,0.21169,0.38508,0.84091,0.35592
tabpfn,1,0.9345,0.05211,0.26322,0.60622,0.1681,0.42234,0.85211,0.39459
tabpfn,2,0.9408,0.04686,0.29524,0.58216,0.19777,0.42173,0.85745,0.39264
