model,split,accuracy,brier,f1,precision,recall,h_measure,aucroc,aucpr
tabpfn,0,0.7848,0.1635,0.0,0.0,0.0,0.05668,0.62542,0.29533
tabpfn,1,0.7812,0.16593,0.0,0.0,0.0,0.05795,0.62327,0.31458
tabpfn,2,0.7834,0.16527,0.0,0.0,0.0,0.05327,0.6218,0.29717
