model,split,accuracy,brier,f1,precision,recall,h_measure,aucroc,aucpr
tabpfn,0,0.8039,0.13628,0.53848,0.65899,0.45523,0.35305,0.83142,0.62138
tabpfn,1,0.8075,0.13318,0.53401,0.66326,0.44692,0.36022,0.83636,0.6279
tabpfn,2,0.8048,0.13483,0.53678,0.66179,0.4515,0.35781,0.83562,0.63021
