model,split,accuracy,brier,f1,precision,recall,h_measure,aucroc,aucpr
tabpfn,0,0.76577,0.16684,0.53571,0.57692,0.5,0.27387,0.76868,0.57776
tabpfn,1,0.75976,0.16848,0.56522,0.61176,0.52525,0.30029,0.78201,0.57893
tabpfn,2,0.73273,0.1752,0.44025,0.72917,0.31532,0.31515,0.78882,0.65665
