model,split,accuracy,brier,f1,precision,recall,h_measure,aucroc,aucpr
tabpfn,0,0.8665,0.1061,0.60701,0.90439,0.4568,0.46701,0.86741,0.75494
tabpfn,1,0.8486,0.11475,0.56494,0.8832,0.41529,0.42446,0.85244,0.73322
tabpfn,2,0.8515,0.12475,0.61136,0.78866,0.49915,0.41394,0.84247,0.72119
