model,split,accuracy,brier,f1,precision,recall,h_measure,aucroc,aucpr
tabpfn,0,0.9199,0.06925,0.0,0.0,0.0,0.16679,0.72615,0.20686
tabpfn,1,0.9196,0.06952,0.0,0.0,0.0,0.18949,0.73717,0.2295
tabpfn,2,0.9148,0.07367,0.0,0.0,0.0,0.17416,0.72758,0.21906
