model,split,accuracy,brier,f1,precision,recall,h_measure,aucroc,aucpr
tabpfn,0,0.58869,0.23684,0.2,0.45455,0.12821,0.03078,0.57784,0.45608
tabpfn,1,0.59794,0.2337,0.15495,0.50888,0.09139,0.04633,0.60251,0.47707
tabpfn,2,0.60952,0.23306,0.19452,0.52885,0.11918,0.04365,0.59631,0.47454
