model,split,accuracy,brier,f1,precision,recall,h_measure,aucroc,aucpr
tabpfn,0,0.7555,0.17937,0.01961,0.5,0.01,0.09564,0.61359,0.36523
tabpfn,1,0.73529,0.18932,0.05263,0.42857,0.02804,0.07237,0.59346,0.35467
tabpfn,2,0.72059,0.19333,0.0339,1.0,0.01724,0.12575,0.64679,0.46987
