{
    "general": {},
    "model": {
        "d_layers": [
            385,
            334,
            334,
            334,
            308
        ],
        "dropout": 0.21879360563134626
    },
    "training": {
        "lr": 0.004734989304499477,
        "n_bins": 203,
        "weight_decay": 0.0
    }
}