model,split,accuracy,brier,f1,precision,recall,h_measure,aucroc,aucpr
tabpfn,0,0.9084,0.06904,0.75,0.81982,0.69114,0.63986,0.93665,0.84642
tabpfn,1,0.90891,0.06967,0.7418,0.83333,0.66838,0.63739,0.92913,0.83416
tabpfn,2,0.92598,0.05638,0.79668,0.90566,0.71111,0.73196,0.95868,0.90101
