{
    "fit": {
        "logging_level": "Silent",
        "n_bins": 144
    },
    "model": {
        "bagging_temperature": 0.5960434670995948,
        "depth": 4,
        "l2_leaf_reg": 2.9957382160135686,
        "leaf_estimation_iterations": 5,
        "learning_rate": 0.1336033863445582
    }
}