{
    "general": {},
    "model": {
        "d_layers": [
            319,
            479,
            479,
            479,
            95
        ],
        "dropout": 0.0
    },
    "training": {
        "lr": 0.0031467304061660057,
        "n_bins": 205,
        "weight_decay": 0.0008626905220714901
    }
}