{
    "general": {},
    "model": {
        "gamma": 1.7151893663724196,
        "lr": 0.005939321535345923,
        "momentum": 0.2618987040959959,
        "n_independent": 3,
        "n_shared": 3,
        "n_steps": 7
    },
    "training": {
        "n_bins": 113
    }
}