model,split,accuracy,brier,f1,precision,recall,h_measure,aucroc,aucpr
tabpfn,0,0.8272,0.13205,0.47317,0.68917,0.36026,0.28816,0.77905,0.54918
tabpfn,1,0.8241,0.13412,0.47256,0.69982,0.35672,0.28934,0.77395,0.56048
tabpfn,2,0.811,0.14101,0.46337,0.65332,0.359,0.2787,0.77692,0.53672
